025334,2014-03-27,2014-04-13,최봉주
025334,2014-03-10,2014-03-26,휴양마
025334,2014-02-19,2014-03-09,최봉주
025334,2014-01-13,2014-02-18,휴양마
025334,2013-12-27,2014-01-12,최봉주
025334,2013-11-18,2013-12-26,휴양마
025334,2013-10-13,2013-11-17,최봉주
025334,2013-08-03,2013-10-12,휴양마
025334,2013-03-10,2013-08-02,최봉주
025334,2013-02-25,2013-03-09,휴양마
025334,2013-02-13,2013-02-24,최봉주
025334,2013-01-31,2013-02-12,휴양마
025334,2013-01-13,2013-01-30,최봉주
025334,2012-12-24,2013-01-12,휴양마
025334,2012-12-02,2012-12-23,최봉주
025334,2012-11-26,2012-12-01,휴양마
025334,2012-05-31,2012-11-25,최봉주
025334,2012-05-12,2012-05-30,휴양마
025334,2011-10-20,2012-05-11,최봉주
025334,2011-06-30,2011-10-19,김점오
025334,2011-01-29,2011-06-29,정호익
025334,2011-01-27,2011-01-28,휴양마
025334,2010-12-22,2011-01-26,서인석
025334,2010-11-27,2010-12-21,휴양마
025334,2010-11-08,2010-11-26,고옥봉
025334,2010-10-20,2010-11-07,강승영
025334,2010-08-20,2010-10-19,최봉주
029170,2013-10-17,2013-10-30,정호익
029170,2013-08-15,2013-10-16,휴양마
029170,2013-07-24,2013-08-14,정호익
029170,2013-07-01,2013-07-23,휴양마
029170,2013-06-19,2013-06-30,정호익
029170,2013-06-01,2013-06-18,휴양마
029170,2012-10-17,2013-05-31,정호익
029170,2012-09-27,2012-10-16,휴양마
029170,2012-08-01,2012-09-26,정호익
029170,2012-07-19,2012-07-31,휴양마
029170,2012-07-04,2012-07-18,정호익
029170,2012-06-14,2012-07-03,휴양마
029170,2012-01-18,2012-06-13,정호익
029170,2011-12-22,2012-01-17,휴양마
029170,2011-06-13,2011-12-21,정호익
030732,2015-09-09,2015-11-13,최봉주
030732,2015-08-16,2015-09-08,휴양마
030732,2015-07-29,2015-08-15,최봉주
030732,2015-07-13,2015-07-28,휴양마
030732,2015-06-28,2015-07-12,최봉주
030732,2015-06-18,2015-06-27,휴양마
030732,2013-11-15,2015-06-17,최봉주
030732,2013-11-11,2013-11-14,휴양마
030732,2013-10-13,2013-11-10,최봉주
030732,2013-09-16,2013-10-12,휴양마
030732,2013-09-01,2013-09-15,최봉주
030732,2013-08-17,2013-08-31,휴양마
030732,2013-05-02,2013-08-16,최봉주
025344,2014-06-08,2014-12-03,황영원
025344,2014-06-01,2014-06-07,휴양마
025344,2014-04-10,2014-05-31,황영원
025344,2014-03-27,2014-04-09,휴양마
025344,2014-03-02,2014-03-26,황영원
025344,2014-02-17,2014-03-01,휴양마
025344,2014-02-05,2014-02-16,황영원
025344,2014-01-16,2014-02-04,휴양마
025344,2013-12-08,2014-01-15,황영원
025344,2013-12-05,2013-12-07,휴양마
025344,2013-11-21,2013-12-04,황영원
025344,2013-11-18,2013-11-20,휴양마
025344,2013-11-03,2013-11-17,황영원
025344,2013-10-20,2013-11-02,휴양마
025344,2013-09-15,2013-10-19,황영원
025344,2013-09-09,2013-09-14,휴양마
025344,2013-08-11,2013-09-08,황영원
025344,2013-08-04,2013-08-10,휴양마
025344,2013-06-05,2013-08-03,황영원
025344,2013-05-30,2013-06-04,휴양마
025344,2013-05-15,2013-05-29,황영원
025344,2013-04-29,2013-05-14,휴양마
025344,2013-01-11,2013-04-28,황영원
025344,2012-11-24,2013-01-09,황영원
025344,2012-10-15,2012-11-23,휴양마
025344,2012-08-29,2012-10-14,황영원
025344,2012-08-27,2012-08-28,휴양마
025344,2012-08-11,2012-08-26,황영원
025344,2012-07-26,2012-08-10,휴양마
025344,2012-01-19,2012-07-25,황영원
025344,2012-01-05,2012-01-18,휴양마
025344,2011-11-24,2012-01-04,황영원
025344,2011-11-11,2011-11-23,휴양마
025344,2011-09-01,2011-11-10,황영원
025344,2011-08-15,2011-08-31,휴양마
025344,2010-11-08,2011-08-14,황영원
025344,2010-09-11,2010-11-07,강승영
030324,2013-11-07,2015-04-30,김대근
029809,2015-07-22,2015-07-29,박재우
029809,2015-06-22,2015-07-21,휴양마
029809,2015-06-03,2015-06-21,박재우
029809,2015-04-27,2015-06-02,휴양마
029809,2015-04-12,2015-04-26,안병기
029809,2015-03-31,2015-04-11,휴양마
029809,2015-01-25,2015-03-30,안병기
029809,2015-01-12,2015-01-24,휴양마
029809,2014-12-28,2015-01-11,안병기
029809,2014-12-15,2014-12-27,휴양마
029809,2014-11-30,2014-12-14,안병기
029809,2014-11-10,2014-11-29,휴양마
029809,2014-10-26,2014-11-09,안병기
029809,2014-10-13,2014-10-25,휴양마
029809,2014-09-28,2014-10-12,안병기
029809,2014-09-07,2014-09-27,휴양마
029809,2014-08-24,2014-09-06,안병기
029809,2014-08-11,2014-08-23,휴양마
029809,2014-07-23,2014-08-10,안병기
029809,2014-07-07,2014-07-22,휴양마
029809,2014-06-26,2014-07-06,안병기
029809,2014-06-09,2014-06-25,휴양마
029809,2014-05-25,2014-06-08,안병기
029809,2014-05-06,2014-05-24,휴양마
029809,2014-04-09,2014-05-05,안병기
029809,2014-03-24,2014-04-08,휴양마
029809,2013-04-10,2014-03-23,안병기
030749,2015-10-12,2015-11-11,휴양마
030749,2015-09-30,2015-10-11,양희진
030749,2015-09-13,2015-09-29,휴양마
030749,2015-02-28,2015-09-12,양희진
030749,2015-02-05,2015-02-27,휴양마
030749,2015-01-07,2015-02-04,양희진
030749,2014-03-29,2015-01-06,양희진
030749,2014-01-16,2014-03-28,휴양마
030749,2013-11-22,2014-01-15,양희진
030749,2013-11-16,2013-11-21,휴양마
030749,2013-10-04,2013-11-15,양희진
030749,2013-07-26,2013-10-03,양희진
034506,2015-06-06,2016-04-01,지용철
034506,2015-05-11,2015-06-05,휴양마
034506,2014-05-28,2015-05-10,지용철
027828,2017-02-26,2017-05-25,박병일
027828,2017-02-17,2017-02-25,휴양마
027828,2017-01-12,2017-02-16,박병일
027828,2016-12-08,2017-01-11,휴양마
027828,2016-06-15,2016-12-07,손영표
027828,2016-05-30,2016-06-14,휴양마
027828,2015-09-03,2016-05-29,손영표
027828,2015-07-11,2015-09-02,휴양마
027828,2014-05-14,2015-07-10,손영표
027828,2013-11-30,2014-05-13,손영표
027828,2013-08-16,2013-11-29,손영표
027828,2013-06-30,2013-08-15,휴양마
027828,2013-01-04,2013-06-29,손영표
027828,2012-12-18,2013-01-03,휴양마
027828,2012-08-18,2012-12-17,손영표
034751,2016-11-17,2017-01-08,김점오
034751,2016-10-15,2016-11-16,휴양마
034751,2014-10-29,2016-10-14,김점오
035388,2017-12-27,2018-01-10,김동철
035388,2017-12-10,2017-12-26,휴양마
035388,2017-11-08,2017-12-09,김동철
035388,2017-10-15,2017-11-07,휴양마
035388,2017-08-20,2017-10-14,김동철
035388,2017-06-01,2017-08-19,휴양마
035388,2016-11-04,2017-05-31,김동철
036170,2018-05-24,현재,안해양
036170,2018-05-17,2018-05-23,휴양마
036170,2016-07-17,2018-05-16,안해양
040017,2017-07-21,현재,우창구
038053,2017-06-04,현재,박흥진
038053,2017-02-17,2017-06-03,박대흥
038053,2016-12-22,2017-02-16,휴양마
038053,2016-10-01,2016-12-21,박대흥
038053,2016-07-22,2016-09-30,휴양마
038053,2016-07-14,2016-07-21,박대흥
038053,2016-06-05,2016-07-13,휴양마
038053,2016-05-21,2016-06-04,박대흥
039502,2018-07-18,현재,정호익
039502,2018-04-29,2018-07-17,정호익
